local_goals_x,local_goals_y
-0.36324313854523055,-0.8723027531892339
-0.36324313854523055,-0.8723027531892339
-0.36324313854523055,-0.8723027531892339
-0.36324313854523055,-0.8723027531892339
-0.36324313854523055,-0.8723027531892339
-0.36324313854523055,-0.8723027531892339
-0.36324313854523055,-0.8723027531892339
-0.36324313854523055,-0.8723027531892339
-0.36324313854523055,-0.8723027531892339
-0.36324313854523055,-0.8723027531892339
-0.36324313854523055,-0.8723027531892339
-0.36324313854523055,-0.8723027531892339
-0.36324313854523055,-0.8723027531892339
-0.36324313854523055,-0.8723027531892339
-0.36324313854523055,-0.8723027531892339
-0.36324313854523055,-0.8723027531892339
-0.36324313854523055,-0.8723027531892339
-0.36324313854523055,-0.8723027531892339
-0.36324313854523055,-0.8723027531892339
-0.36324313854523055,-0.8723027531892339
-0.36324313854523055,-0.8723027531892339
-0.36324313854523055,-0.8723027531892339
-0.36324313854523055,-0.8723027531892339
-0.36324313854523055,-0.8723027531892339
-0.36324313854523055,-0.8723027531892339
-0.36324313854523055,-0.8723027531892339
-0.36324313854523055,-0.8723027531892339
-0.36324313854523055,-0.8723027531892339
-0.36324313854523055,-0.8723027531892339
-0.36324313854523055,-0.8723027531892339
-0.36324313854523055,-0.8723027531892339
-0.36324313854523055,-0.8723027531892339
-0.36324313854523055,-0.8723027531892339
-0.36324313854523055,-0.8723027531892339
-0.36324313854523055,-0.8723027531892339
-0.36324313854523055,-0.8723027531892339
-0.36324313854523055,-0.8723027531892339
-0.36324313854523055,-0.8723027531892339
-0.41315759054742485,-0.8867007180568295
-0.41315759054742485,-0.8867007180568295
-0.41315759054742485,-0.8867007180568295
-0.41315759054742485,-0.8867007180568295
-0.41315759054742485,-0.8867007180568295
-0.41315759054742485,-0.8867007180568295
-0.41315759054742485,-0.8867007180568295
-0.41315759054742485,-0.8867007180568295
-0.41315759054742485,-0.8867007180568295
-0.41315759054742485,-0.8867007180568295
-0.41315759054742485,-0.8867007180568295
-0.41315759054742485,-0.8867007180568295
-0.41315759054742485,-0.8867007180568295
-0.41315759054742485,-0.8867007180568295
-0.41315759054742485,-0.8867007180568295
-0.41315759054742485,-0.8867007180568295
-0.41315759054742485,-0.8867007180568295
-0.41315759054742485,-0.8867007180568295
-0.41315759054742485,-0.8867007180568295
-0.41315759054742485,-0.8867007180568295
-0.41315759054742485,-0.8867007180568295
-0.41315759054742485,-0.8867007180568295
-0.41315759054742485,-0.8867007180568295
-0.41315759054742485,-0.8867007180568295
-0.41315759054742485,-0.8867007180568295
-0.41315759054742485,-0.8867007180568295
-0.46528236259201017,-0.8847938492482881
-0.46528236259201017,-0.8847938492482881
-0.46528236259201017,-0.8847938492482881
-0.46528236259201017,-0.8847938492482881
-0.46528236259201017,-0.8847938492482881
-0.46528236259201017,-0.8847938492482881
-0.46528236259201017,-0.8847938492482881
-0.46528236259201017,-0.8847938492482881
-0.46528236259201017,-0.8847938492482881
-0.46528236259201017,-0.8847938492482881
-0.46528236259201017,-0.8847938492482881
-0.46528236259201017,-0.8847938492482881
-0.46528236259201017,-0.8847938492482881
-0.46528236259201017,-0.8847938492482881
-0.46528236259201017,-0.8847938492482881
-0.46528236259201017,-0.8847938492482881
-0.46528236259201017,-0.8847938492482881
-0.46528236259201017,-0.8847938492482881
-0.46528236259201017,-0.8847938492482881
-0.46528236259201017,-0.8847938492482881
-0.46528236259201017,-0.8847938492482881
-0.46528236259201017,-0.8847938492482881
-0.46528236259201017,-0.8847938492482881
-0.46528236259201017,-0.8847938492482881
-0.46528236259201017,-0.8847938492482881
-0.46528236259201017,-0.8847938492482881
-0.46528236259201017,-0.8847938492482881
-0.508709584309429,-0.8633711744535348
-0.508709584309429,-0.8633711744535348
-0.508709584309429,-0.8633711744535348
-0.508709584309429,-0.8633711744535348
-0.508709584309429,-0.8633711744535348
-0.508709584309429,-0.8633711744535348
-0.508709584309429,-0.8633711744535348
-0.508709584309429,-0.8633711744535348
-0.508709584309429,-0.8633711744535348
-0.508709584309429,-0.8633711744535348
-0.508709584309429,-0.8633711744535348
-0.508709584309429,-0.8633711744535348
-0.508709584309429,-0.8633711744535348
-0.508709584309429,-0.8633711744535348
-0.508709584309429,-0.8633711744535348
-0.508709584309429,-0.8633711744535348
-0.508709584309429,-0.8633711744535348
-0.508709584309429,-0.8633711744535348
-0.508709584309429,-0.8633711744535348
-0.508709584309429,-0.8633711744535348
-0.508709584309429,-0.8633711744535348
-0.508709584309429,-0.8633711744535348
-0.508709584309429,-0.8633711744535348
-0.508709584309429,-0.8633711744535348
-0.508709584309429,-0.8633711744535348
-0.508709584309429,-0.8633711744535348
-0.508709584309429,-0.8633711744535348
-0.508709584309429,-0.8633711744535348
-0.508709584309429,-0.8633711744535348
-0.508709584309429,-0.8633711744535348
-0.508709584309429,-0.8633711744535348
-0.508709584309429,-0.8633711744535348
-0.508709584309429,-0.8633711744535348
-0.508709584309429,-0.8633711744535348
-0.508709584309429,-0.8633711744535348
-0.508709584309429,-0.8633711744535348
-0.508709584309429,-0.8633711744535348
-0.508709584309429,-0.8633711744535348
-0.508709584309429,-0.8633711744535348
-0.508709584309429,-0.8633711744535348
-0.508709584309429,-0.8633711744535348
-0.508709584309429,-0.8633711744535348
-0.5580092175011897,-0.8429548024615978
-0.5580092175011897,-0.8429548024615978
-0.5580092175011897,-0.8429548024615978
-0.5580092175011897,-0.8429548024615978
-0.5580092175011897,-0.8429548024615978
-0.5580092175011897,-0.8429548024615978
-0.5580092175011897,-0.8429548024615978
-0.5580092175011897,-0.8429548024615978
-0.5580092175011897,-0.8429548024615978
-0.5580092175011897,-0.8429548024615978
-0.5580092175011897,-0.8429548024615978
-0.5580092175011897,-0.8429548024615978
-0.5580092175011897,-0.8429548024615978
-0.5580092175011897,-0.8429548024615978
-0.5580092175011897,-0.8429548024615978
-0.5580092175011897,-0.8429548024615978
-0.5580092175011897,-0.8429548024615978
-0.5580092175011897,-0.8429548024615978
-0.6047107711371071,-0.8309388337499714
-0.6047107711371071,-0.8309388337499714
-0.6047107711371071,-0.8309388337499714
-0.6047107711371071,-0.8309388337499714
-0.6047107711371071,-0.8309388337499714
-0.6047107711371071,-0.8309388337499714
-0.6047107711371071,-0.8309388337499714
-0.6047107711371071,-0.8309388337499714
-0.6047107711371071,-0.8309388337499714
-0.6047107711371071,-0.8309388337499714
-0.6047107711371071,-0.8309388337499714
-0.6047107711371071,-0.8309388337499714
-0.6047107711371071,-0.8309388337499714
-0.6047107711371071,-0.8309388337499714
-0.6047107711371071,-0.8309388337499714
-0.6047107711371071,-0.8309388337499714
-0.6047107711371071,-0.8309388337499714
-0.6047107711371071,-0.8309388337499714
-0.6047107711371071,-0.8309388337499714
-0.6047107711371071,-0.8309388337499714
-0.6047107711371071,-0.8309388337499714
-0.6047107711371071,-0.8309388337499714
-0.6047107711371071,-0.8309388337499714
-0.6569430845726364,-0.8277348652283839
-0.6569430845726364,-0.8277348652283839
-0.6569430845726364,-0.8277348652283839
-0.6569430845726364,-0.8277348652283839
-0.6569430845726364,-0.8277348652283839
-0.6569430845726364,-0.8277348652283839
-0.6569430845726364,-0.8277348652283839
-0.6569430845726364,-0.8277348652283839
-0.6569430845726364,-0.8277348652283839
-0.6569430845726364,-0.8277348652283839
-0.6569430845726364,-0.8277348652283839
-0.6569430845726364,-0.8277348652283839
-0.6569430845726364,-0.8277348652283839
-0.6569430845726364,-0.8277348652283839
-0.6569430845726364,-0.8277348652283839
-0.6569430845726364,-0.8277348652283839
-0.7076905185930396,-0.830854365460059
-0.7076905185930396,-0.830854365460059
-0.7076905185930396,-0.830854365460059
-0.7076905185930396,-0.830854365460059
-0.7076905185930396,-0.830854365460059
-0.7076905185930396,-0.830854365460059
-0.7076905185930396,-0.830854365460059
-0.7076905185930396,-0.830854365460059
-0.7076905185930396,-0.830854365460059
-0.7076905185930396,-0.830854365460059
-0.7076905185930396,-0.830854365460059
-0.7076905185930396,-0.830854365460059
-0.7076905185930396,-0.830854365460059
-0.7587780867403204,-0.8381600406920046
-0.7587780867403204,-0.8381600406920046
-0.7587780867403204,-0.8381600406920046
-0.7587780867403204,-0.8381600406920046
-0.7587780867403204,-0.8381600406920046
-0.7587780867403204,-0.8381600406920046
-0.7587780867403204,-0.8381600406920046
-0.7587780867403204,-0.8381600406920046
-0.7587780867403204,-0.8381600406920046
-0.7587780867403204,-0.8381600406920046
-0.7587780867403204,-0.8381600406920046
-0.7587780867403204,-0.8381600406920046
-0.7587780867403204,-0.8381600406920046
-0.7587780867403204,-0.8381600406920046
-0.7587780867403204,-0.8381600406920046
-0.7587780867403204,-0.8381600406920046
-0.7587780867403204,-0.8381600406920046
-0.8095718439367473,-0.8552857917554335
-0.8095718439367473,-0.8552857917554335
-0.8095718439367473,-0.8552857917554335
-0.8095718439367473,-0.8552857917554335
-0.8095718439367473,-0.8552857917554335
-0.8095718439367473,-0.8552857917554335
-0.8095718439367473,-0.8552857917554335
-0.8095718439367473,-0.8552857917554335
-0.8095718439367473,-0.8552857917554335
-0.8095718439367473,-0.8552857917554335
-0.8095718439367473,-0.8552857917554335
-0.8095718439367473,-0.8552857917554335
-0.8095718439367473,-0.8552857917554335
-0.8095718439367473,-0.8552857917554335
-0.859403632439922,-0.8674244470191788
-0.859403632439922,-0.8674244470191788
-0.859403632439922,-0.8674244470191788
-0.859403632439922,-0.8674244470191788
-0.859403632439922,-0.8674244470191788
-0.859403632439922,-0.8674244470191788
-0.859403632439922,-0.8674244470191788
-0.859403632439922,-0.8674244470191788
-0.859403632439922,-0.8674244470191788
-0.859403632439922,-0.8674244470191788
-0.859403632439922,-0.8674244470191788
-0.859403632439922,-0.8674244470191788
-0.859403632439922,-0.8674244470191788
-0.859403632439922,-0.8674244470191788
-0.859403632439922,-0.8674244470191788
-0.9102432885414578,-0.8807050256843855
-0.9102432885414578,-0.8807050256843855
-0.9102432885414578,-0.8807050256843855
-0.9102432885414578,-0.8807050256843855
-0.9102432885414578,-0.8807050256843855
-0.9102432885414578,-0.8807050256843855
-0.9102432885414578,-0.8807050256843855
-0.9102432885414578,-0.8807050256843855
-0.9102432885414578,-0.8807050256843855
-0.9102432885414578,-0.8807050256843855
-0.9102432885414578,-0.8807050256843855
-0.9102432885414578,-0.8807050256843855
-0.9612359116252671,-0.8912203303477639
-0.9612359116252671,-0.8912203303477639
-0.9612359116252671,-0.8912203303477639
-0.9612359116252671,-0.8912203303477639
-0.9612359116252671,-0.8912203303477639
-0.9612359116252671,-0.8912203303477639
-0.9612359116252671,-0.8912203303477639
-0.9612359116252671,-0.8912203303477639
-0.9612359116252671,-0.8912203303477639
-0.9612359116252671,-0.8912203303477639
-0.9612359116252671,-0.8912203303477639
-0.9612359116252671,-0.8912203303477639
-0.9612359116252671,-0.8912203303477639
-0.9612359116252671,-0.8912203303477639
-0.9612359116252671,-0.8912203303477639
-0.9612359116252671,-0.8912203303477639
-0.9612359116252671,-0.8912203303477639
-1.0111616028973955,-0.8900910238885462
-1.0111616028973955,-0.8900910238885462
-1.0111616028973955,-0.8900910238885462
-1.0111616028973955,-0.8900910238885462
-1.0111616028973955,-0.8900910238885462
-1.0111616028973955,-0.8900910238885462
-1.0111616028973955,-0.8900910238885462
-1.0111616028973955,-0.8900910238885462
-1.0111616028973955,-0.8900910238885462
-1.0111616028973955,-0.8900910238885462
-1.0111616028973955,-0.8900910238885462
-1.0111616028973955,-0.8900910238885462
-1.0111616028973955,-0.8900910238885462
-1.0111616028973955,-0.8900910238885462
-1.0111616028973955,-0.8900910238885462
-1.0111616028973955,-0.8900910238885462
-1.0111616028973955,-0.8900910238885462
-1.0111616028973955,-0.8900910238885462
-1.0111616028973955,-0.8900910238885462
-1.0616125023704823,-0.8749402406810429
-1.0616125023704823,-0.8749402406810429
-1.0616125023704823,-0.8749402406810429
-1.0616125023704823,-0.8749402406810429
-1.0616125023704823,-0.8749402406810429
-1.0616125023704823,-0.8749402406810429
-1.0616125023704823,-0.8749402406810429
-1.0616125023704823,-0.8749402406810429
-1.0616125023704823,-0.8749402406810429
-1.0616125023704823,-0.8749402406810429
-1.0616125023704823,-0.8749402406810429
-1.0616125023704823,-0.8749402406810429
-1.0616125023704823,-0.8749402406810429
-1.0616125023704823,-0.8749402406810429
-1.0616125023704823,-0.8749402406810429
-1.0616125023704823,-0.8749402406810429
-1.0616125023704823,-0.8749402406810429
-1.0616125023704823,-0.8749402406810429
-1.0616125023704823,-0.8749402406810429
-1.0616125023704823,-0.8749402406810429
-1.1051889408632363,-0.8507068388465602
-1.1051889408632363,-0.8507068388465602
-1.1051889408632363,-0.8507068388465602
-1.1051889408632363,-0.8507068388465602
-1.1051889408632363,-0.8507068388465602
-1.1051889408632363,-0.8507068388465602
-1.1051889408632363,-0.8507068388465602
-1.1051889408632363,-0.8507068388465602
-1.1051889408632363,-0.8507068388465602
-1.1051889408632363,-0.8507068388465602
-1.1051889408632363,-0.8507068388465602
-1.1051889408632363,-0.8507068388465602
-1.1051889408632363,-0.8507068388465602
-1.1494876860077223,-0.8238188030864129
-1.1494876860077223,-0.8238188030864129
-1.1494876860077223,-0.8238188030864129
-1.1494876860077223,-0.8238188030864129
-1.1494876860077223,-0.8238188030864129
-1.1494876860077223,-0.8238188030864129
-1.1494876860077223,-0.8238188030864129
-1.1494876860077223,-0.8238188030864129
-1.1494876860077223,-0.8238188030864129
-1.1494876860077223,-0.8238188030864129
-1.1494876860077223,-0.8238188030864129
-1.1494876860077223,-0.8238188030864129
-1.1494876860077223,-0.8238188030864129
-1.195747090101606,-0.8040258133798989
-1.195747090101606,-0.8040258133798989
-1.195747090101606,-0.8040258133798989
-1.195747090101606,-0.8040258133798989
-1.195747090101606,-0.8040258133798989
-1.195747090101606,-0.8040258133798989
-1.195747090101606,-0.8040258133798989
-1.195747090101606,-0.8040258133798989
-1.195747090101606,-0.8040258133798989
-1.195747090101606,-0.8040258133798989
-1.195747090101606,-0.8040258133798989
-1.195747090101606,-0.8040258133798989
-1.195747090101606,-0.8040258133798989
-1.195747090101606,-0.8040258133798989
-1.195747090101606,-0.8040258133798989
-1.195747090101606,-0.8040258133798989
-1.248030016651673,-0.7933329482444575
-1.248030016651673,-0.7933329482444575
-1.248030016651673,-0.7933329482444575
-1.248030016651673,-0.7933329482444575
-1.248030016651673,-0.7933329482444575
-1.248030016651673,-0.7933329482444575
-1.248030016651673,-0.7933329482444575
-1.248030016651673,-0.7933329482444575
-1.248030016651673,-0.7933329482444575
-1.248030016651673,-0.7933329482444575
-1.248030016651673,-0.7933329482444575
-1.248030016651673,-0.7933329482444575
-1.248030016651673,-0.7933329482444575
-1.248030016651673,-0.7933329482444575
-1.248030016651673,-0.7933329482444575
-1.248030016651673,-0.7933329482444575
-1.248030016651673,-0.7933329482444575
-1.248030016651673,-0.7933329482444575
-1.248030016651673,-0.7933329482444575
-1.248030016651673,-0.7933329482444575
-1.2967387783934252,-0.8013135907844048
-1.2967387783934252,-0.8013135907844048
-1.2967387783934252,-0.8013135907844048
-1.2967387783934252,-0.8013135907844048
-1.2967387783934252,-0.8013135907844048
-1.2967387783934252,-0.8013135907844048
-1.2967387783934252,-0.8013135907844048
-1.2967387783934252,-0.8013135907844048
-1.2967387783934252,-0.8013135907844048
-1.2967387783934252,-0.8013135907844048
-1.2967387783934252,-0.8013135907844048
-1.2967387783934252,-0.8013135907844048
-1.2967387783934252,-0.8013135907844048
-1.2967387783934252,-0.8013135907844048
-1.2967387783934252,-0.8013135907844048
-1.2967387783934252,-0.8013135907844048
-1.2967387783934252,-0.8013135907844048
-1.2967387783934252,-0.8013135907844048
-1.2967387783934252,-0.8013135907844048
-1.2967387783934252,-0.8013135907844048
-1.2967387783934252,-0.8013135907844048
-1.2967387783934252,-0.8013135907844048
-1.2967387783934252,-0.8013135907844048
-1.2967387783934252,-0.8013135907844048
-1.2967387783934252,-0.8013135907844048
-1.2967387783934252,-0.8013135907844048
-1.2967387783934252,-0.8013135907844048
-1.2967387783934252,-0.8013135907844048
-1.2967387783934252,-0.8013135907844048
-1.2967387783934252,-0.8013135907844048
-1.2967387783934252,-0.8013135907844048
-1.2967387783934252,-0.8013135907844048
-1.2967387783934252,-0.8013135907844048
-1.2967387783934252,-0.8013135907844048
-1.2967387783934252,-0.8013135907844048
-1.2967387783934252,-0.8013135907844048
-1.2967387783934252,-0.8013135907844048
-1.2967387783934252,-0.8013135907844048
-1.2967387783934252,-0.8013135907844048
-1.3474780837996891,-0.8049288622612627
-1.3474780837996891,-0.8049288622612627
-1.3474780837996891,-0.8049288622612627
-1.3474780837996891,-0.8049288622612627
-1.3474780837996891,-0.8049288622612627
-1.3474780837996891,-0.8049288622612627
-1.3474780837996891,-0.8049288622612627
-1.3474780837996891,-0.8049288622612627
-1.3474780837996891,-0.8049288622612627
-1.3474780837996891,-0.8049288622612627
-1.3474780837996891,-0.8049288622612627
-1.3474780837996891,-0.8049288622612627
-1.3474780837996891,-0.8049288622612627
-1.3474780837996891,-0.8049288622612627
-1.3474780837996891,-0.8049288622612627
-1.3474780837996891,-0.8049288622612627
-1.3984223945741117,-0.7958958271190848
-1.3984223945741117,-0.7958958271190848
-1.3984223945741117,-0.7958958271190848
-1.3984223945741117,-0.7958958271190848
-1.3984223945741117,-0.7958958271190848
-1.3984223945741117,-0.7958958271190848
-1.3984223945741117,-0.7958958271190848
-1.3984223945741117,-0.7958958271190848
-1.3984223945741117,-0.7958958271190848
-1.3984223945741117,-0.7958958271190848
-1.3984223945741117,-0.7958958271190848
-1.3984223945741117,-0.7958958271190848
-1.3984223945741117,-0.7958958271190848
-1.3984223945741117,-0.7958958271190848
-1.3984223945741117,-0.7958958271190848
-1.3984223945741117,-0.7958958271190848
-1.3984223945741117,-0.7958958271190848
-1.4490284642536393,-0.7766460117150633
-1.4490284642536393,-0.7766460117150633
-1.4490284642536393,-0.7766460117150633
-1.4490284642536393,-0.7766460117150633
-1.4490284642536393,-0.7766460117150633
-1.4490284642536393,-0.7766460117150633
-1.4490284642536393,-0.7766460117150633
-1.4490284642536393,-0.7766460117150633
-1.4490284642536393,-0.7766460117150633
-1.4490284642536393,-0.7766460117150633
-1.4490284642536393,-0.7766460117150633
-1.4490284642536393,-0.7766460117150633
-1.4490284642536393,-0.7766460117150633
-1.4490284642536393,-0.7766460117150633
-1.4490284642536393,-0.7766460117150633
-1.4490284642536393,-0.7766460117150633
-1.4490284642536393,-0.7766460117150633
-1.4490284642536393,-0.7766460117150633
-1.4490284642536393,-0.7766460117150633
-1.4490284642536393,-0.7766460117150633
-1.4490284642536393,-0.7766460117150633
-1.4490284642536393,-0.7766460117150633
-1.487970599194247,-0.7445108386363993
-1.487970599194247,-0.7445108386363993
-1.487970599194247,-0.7445108386363993
-1.487970599194247,-0.7445108386363993
-1.487970599194247,-0.7445108386363993
-1.487970599194247,-0.7445108386363993
-1.487970599194247,-0.7445108386363993
-1.487970599194247,-0.7445108386363993
-1.487970599194247,-0.7445108386363993
-1.487970599194247,-0.7445108386363993
-1.487970599194247,-0.7445108386363993
-1.487970599194247,-0.7445108386363993
-1.487970599194247,-0.7445108386363993
-1.487970599194247,-0.7445108386363993
-1.487970599194247,-0.7445108386363993
-1.487970599194247,-0.7445108386363993
-1.487970599194247,-0.7445108386363993
-1.487970599194247,-0.7445108386363993
-1.487970599194247,-0.7445108386363993
-1.487970599194247,-0.7445108386363993
-1.487970599194247,-0.7445108386363993
-1.487970599194247,-0.7445108386363993
-1.487970599194247,-0.7445108386363993
-1.487970599194247,-0.7445108386363993
-1.487970599194247,-0.7445108386363993
-1.5249488132830042,-0.7100288100776905
-1.5249488132830042,-0.7100288100776905
-1.5249488132830042,-0.7100288100776905
-1.5249488132830042,-0.7100288100776905
-1.5249488132830042,-0.7100288100776905
-1.5249488132830042,-0.7100288100776905
-1.5249488132830042,-0.7100288100776905
-1.5249488132830042,-0.7100288100776905
-1.5249488132830042,-0.7100288100776905
-1.5249488132830042,-0.7100288100776905
-1.5249488132830042,-0.7100288100776905
-1.5249488132830042,-0.7100288100776905
-1.5249488132830042,-0.7100288100776905
-1.5249488132830042,-0.7100288100776905
-1.5249488132830042,-0.7100288100776905
-1.5249488132830042,-0.7100288100776905
-1.5249488132830042,-0.7100288100776905
-1.5249488132830042,-0.7100288100776905
-1.5249488132830042,-0.7100288100776905
-1.5249488132830042,-0.7100288100776905
-1.5249488132830042,-0.7100288100776905
-1.5249488132830042,-0.7100288100776905
-1.5249488132830042,-0.7100288100776905
-1.5249488132830042,-0.7100288100776905
-1.5659168475982295,-0.6759397899762234
-1.5659168475982295,-0.6759397899762234
-1.5659168475982295,-0.6759397899762234
-1.5659168475982295,-0.6759397899762234
-1.5659168475982295,-0.6759397899762234
-1.5659168475982295,-0.6759397899762234
-1.5659168475982295,-0.6759397899762234
-1.5659168475982295,-0.6759397899762234
-1.5659168475982295,-0.6759397899762234
-1.5659168475982295,-0.6759397899762234
-1.5659168475982295,-0.6759397899762234
-1.5659168475982295,-0.6759397899762234
-1.5659168475982295,-0.6759397899762234
-1.5659168475982295,-0.6759397899762234
-1.6036521884573993,-0.6381481510909199
-1.6036521884573993,-0.6381481510909199
-1.6036521884573993,-0.6381481510909199
-1.6036521884573993,-0.6381481510909199
-1.6036521884573993,-0.6381481510909199
-1.6036521884573993,-0.6381481510909199
-1.6036521884573993,-0.6381481510909199
-1.6036521884573993,-0.6381481510909199
-1.6036521884573993,-0.6381481510909199
-1.6036521884573993,-0.6381481510909199
-1.6036521884573993,-0.6381481510909199
-1.6036521884573993,-0.6381481510909199
-1.6036521884573993,-0.6381481510909199
-1.6036521884573993,-0.6381481510909199
-1.6036521884573993,-0.6381481510909199
-1.6036521884573993,-0.6381481510909199
-1.6036521884573993,-0.6381481510909199
-1.6334233938285632,-0.5970141545131167
-1.6334233938285632,-0.5970141545131167
-1.6334233938285632,-0.5970141545131167
-1.6334233938285632,-0.5970141545131167
-1.6334233938285632,-0.5970141545131167
-1.6334233938285632,-0.5970141545131167
-1.6334233938285632,-0.5970141545131167
-1.6334233938285632,-0.5970141545131167
-1.6334233938285632,-0.5970141545131167
-1.6334233938285632,-0.5970141545131167
-1.6334233938285632,-0.5970141545131167
-1.6334233938285632,-0.5970141545131167
-1.6334233938285632,-0.5970141545131167
-1.6334233938285632,-0.5970141545131167
-1.6334233938285632,-0.5970141545131167
-1.6334233938285632,-0.5970141545131167
-1.6334233938285632,-0.5970141545131167
-1.6334233938285632,-0.5970141545131167
-1.6642639247806232,-0.5564378072695515
-1.6642639247806232,-0.5564378072695515
-1.6642639247806232,-0.5564378072695515
-1.6642639247806232,-0.5564378072695515
-1.6642639247806232,-0.5564378072695515
-1.6642639247806232,-0.5564378072695515
-1.6642639247806232,-0.5564378072695515
-1.6642639247806232,-0.5564378072695515
-1.6642639247806232,-0.5564378072695515
-1.6642639247806232,-0.5564378072695515
-1.6642639247806232,-0.5564378072695515
-1.6642639247806232,-0.5564378072695515
-1.6642639247806232,-0.5564378072695515
-1.6642639247806232,-0.5564378072695515
-1.6971463736598822,-0.5150284869419273
-1.6971463736598822,-0.5150284869419273
-1.6971463736598822,-0.5150284869419273
-1.6971463736598822,-0.5150284869419273
-1.6971463736598822,-0.5150284869419273
-1.6971463736598822,-0.5150284869419273
-1.6971463736598822,-0.5150284869419273
-1.6971463736598822,-0.5150284869419273
-1.6971463736598822,-0.5150284869419273
-1.6971463736598822,-0.5150284869419273
-1.6971463736598822,-0.5150284869419273
-1.6971463736598822,-0.5150284869419273
-1.6971463736598822,-0.5150284869419273
-1.6971463736598822,-0.5150284869419273
-1.6971463736598822,-0.5150284869419273
-1.6971463736598822,-0.5150284869419273
-1.6971463736598822,-0.5150284869419273
-1.6971463736598822,-0.5150284869419273
-1.7378006755633697,-0.4813360520002116
-1.7378006755633697,-0.4813360520002116
-1.7378006755633697,-0.4813360520002116
-1.7378006755633697,-0.4813360520002116
-1.7378006755633697,-0.4813360520002116
-1.7378006755633697,-0.4813360520002116
-1.7378006755633697,-0.4813360520002116
-1.7378006755633697,-0.4813360520002116
-1.7378006755633697,-0.4813360520002116
-1.7378006755633697,-0.4813360520002116
-1.7378006755633697,-0.4813360520002116
-1.7378006755633697,-0.4813360520002116
-1.7378006755633697,-0.4813360520002116
-1.7378006755633697,-0.4813360520002116
-1.7378006755633697,-0.4813360520002116
-1.7378006755633697,-0.4813360520002116
-1.7378006755633697,-0.4813360520002116
-1.7821831565074793,-0.4570584422951174
-1.7821831565074793,-0.4570584422951174
-1.7821831565074793,-0.4570584422951174
-1.7821831565074793,-0.4570584422951174
-1.7821831565074793,-0.4570584422951174
-1.7821831565074793,-0.4570584422951174
-1.7821831565074793,-0.4570584422951174
-1.7821831565074793,-0.4570584422951174
-1.7821831565074793,-0.4570584422951174
-1.7821831565074793,-0.4570584422951174
-1.7821831565074793,-0.4570584422951174
-1.7821831565074793,-0.4570584422951174
-1.7821831565074793,-0.4570584422951174
-1.7821831565074793,-0.4570584422951174
-1.8303872948770872,-0.43367683385694084
-1.8303872948770872,-0.43367683385694084
-1.8303872948770872,-0.43367683385694084
-1.8303872948770872,-0.43367683385694084
-1.8303872948770872,-0.43367683385694084
-1.8303872948770872,-0.43367683385694084
-1.8303872948770872,-0.43367683385694084
-1.8303872948770872,-0.43367683385694084
-1.8303872948770872,-0.43367683385694084
-1.8303872948770872,-0.43367683385694084
-1.8303872948770872,-0.43367683385694084
-1.8303872948770872,-0.43367683385694084
-1.8303872948770872,-0.43367683385694084
-1.8303872948770872,-0.43367683385694084
-1.8303872948770872,-0.43367683385694084
-1.8303872948770872,-0.43367683385694084
-1.8303872948770872,-0.43367683385694084
-1.8303872948770872,-0.43367683385694084
-1.8303872948770872,-0.43367683385694084
-1.876524404405353,-0.4149007333602816
-1.876524404405353,-0.4149007333602816
-1.876524404405353,-0.4149007333602816
-1.876524404405353,-0.4149007333602816
-1.876524404405353,-0.4149007333602816
-1.876524404405353,-0.4149007333602816
-1.876524404405353,-0.4149007333602816
-1.876524404405353,-0.4149007333602816
-1.876524404405353,-0.4149007333602816
-1.876524404405353,-0.4149007333602816
-1.876524404405353,-0.4149007333602816
-1.876524404405353,-0.4149007333602816
-1.876524404405353,-0.4149007333602816
-1.876524404405353,-0.4149007333602816
-1.876524404405353,-0.4149007333602816
-1.876524404405353,-0.4149007333602816
-1.9266625911796122,-0.40011029530541414
-1.9266625911796122,-0.40011029530541414
-1.9266625911796122,-0.40011029530541414
-1.9266625911796122,-0.40011029530541414
-1.9266625911796122,-0.40011029530541414
-1.9266625911796122,-0.40011029530541414
-1.9266625911796122,-0.40011029530541414
-1.9266625911796122,-0.40011029530541414
-1.9266625911796122,-0.40011029530541414
-1.9266625911796122,-0.40011029530541414
-1.9266625911796122,-0.40011029530541414
-1.9266625911796122,-0.40011029530541414
-1.9266625911796122,-0.40011029530541414
-1.9266625911796122,-0.40011029530541414
-1.9266625911796122,-0.40011029530541414
-1.9266625911796122,-0.40011029530541414
-1.9739903824316927,-0.38716114769418647
-1.9739903824316927,-0.38716114769418647
-1.9739903824316927,-0.38716114769418647
-1.9739903824316927,-0.38716114769418647
-1.9739903824316927,-0.38716114769418647
-1.9739903824316927,-0.38716114769418647
-1.9739903824316927,-0.38716114769418647
-1.9739903824316927,-0.38716114769418647
-1.9739903824316927,-0.38716114769418647
-1.9739903824316927,-0.38716114769418647
-1.9739903824316927,-0.38716114769418647
-1.9739903824316927,-0.38716114769418647
-1.9739903824316927,-0.38716114769418647
-1.9739903824316927,-0.38716114769418647
-1.9739903824316927,-0.38716114769418647
-1.9739903824316927,-0.38716114769418647
-1.9739903824316927,-0.38716114769418647
-1.9739903824316927,-0.38716114769418647
-2.0256362472861826,-0.3752867923982077
-2.0256362472861826,-0.3752867923982077
-2.0256362472861826,-0.3752867923982077
-2.0256362472861826,-0.3752867923982077
-2.0256362472861826,-0.3752867923982077
-2.0256362472861826,-0.3752867923982077
-2.0256362472861826,-0.3752867923982077
-2.0256362472861826,-0.3752867923982077
-2.0256362472861826,-0.3752867923982077
-2.0256362472861826,-0.3752867923982077
-2.0256362472861826,-0.3752867923982077
-2.0256362472861826,-0.3752867923982077
-2.0256362472861826,-0.3752867923982077
-2.076405006329432,-0.36050583357113036
-2.076405006329432,-0.36050583357113036
-2.076405006329432,-0.36050583357113036
-2.076405006329432,-0.36050583357113036
-2.076405006329432,-0.36050583357113036
-2.076405006329432,-0.36050583357113036
-2.076405006329432,-0.36050583357113036
-2.076405006329432,-0.36050583357113036
-2.076405006329432,-0.36050583357113036
-2.076405006329432,-0.36050583357113036
-2.076405006329432,-0.36050583357113036
-2.076405006329432,-0.36050583357113036
-2.076405006329432,-0.36050583357113036
-2.125947573338894,-0.3403595002198273
-2.125947573338894,-0.3403595002198273
-2.125947573338894,-0.3403595002198273
-2.125947573338894,-0.3403595002198273
-2.125947573338894,-0.3403595002198273
-2.125947573338894,-0.3403595002198273
-2.125947573338894,-0.3403595002198273
-2.125947573338894,-0.3403595002198273
-2.125947573338894,-0.3403595002198273
-2.125947573338894,-0.3403595002198273
-2.125947573338894,-0.3403595002198273
-2.125947573338894,-0.3403595002198273
-2.125947573338894,-0.3403595002198273
-2.125947573338894,-0.3403595002198273
-2.125947573338894,-0.3403595002198273
-2.1675987791337423,-0.3102672807589225
-2.1675987791337423,-0.3102672807589225
-2.1675987791337423,-0.3102672807589225
-2.1675987791337423,-0.3102672807589225
-2.1675987791337423,-0.3102672807589225
-2.1675987791337423,-0.3102672807589225
-2.1675987791337423,-0.3102672807589225
-2.1675987791337423,-0.3102672807589225
-2.1675987791337423,-0.3102672807589225
-2.1675987791337423,-0.3102672807589225
-2.1675987791337423,-0.3102672807589225
-2.1675987791337423,-0.3102672807589225
-2.1675987791337423,-0.3102672807589225
-2.1675987791337423,-0.3102672807589225
-2.1675987791337423,-0.3102672807589225
-2.1675987791337423,-0.3102672807589225
-2.1675987791337423,-0.3102672807589225
-2.1996393699007384,-0.2705870484630021
-2.1996393699007384,-0.2705870484630021
-2.1996393699007384,-0.2705870484630021
-2.1996393699007384,-0.2705870484630021
-2.1996393699007384,-0.2705870484630021
-2.1996393699007384,-0.2705870484630021
-2.1996393699007384,-0.2705870484630021
-2.1996393699007384,-0.2705870484630021
-2.1996393699007384,-0.2705870484630021
-2.1996393699007384,-0.2705870484630021
-2.1996393699007384,-0.2705870484630021
-2.1996393699007384,-0.2705870484630021
-2.1996393699007384,-0.2705870484630021
-2.1996393699007384,-0.2705870484630021
-2.1996393699007384,-0.2705870484630021
-2.1996393699007384,-0.2705870484630021
-2.1996393699007384,-0.2705870484630021
-2.232452824967989,-0.2306323569120865
-2.232452824967989,-0.2306323569120865
-2.232452824967989,-0.2306323569120865
-2.232452824967989,-0.2306323569120865
-2.232452824967989,-0.2306323569120865
-2.232452824967989,-0.2306323569120865
-2.232452824967989,-0.2306323569120865
-2.232452824967989,-0.2306323569120865
-2.232452824967989,-0.2306323569120865
-2.232452824967989,-0.2306323569120865
-2.232452824967989,-0.2306323569120865
-2.232452824967989,-0.2306323569120865
-2.232452824967989,-0.2306323569120865
-2.232452824967989,-0.2306323569120865
-2.232452824967989,-0.2306323569120865
-2.232452824967989,-0.2306323569120865
-2.2658447378683846,-0.19009371532828123
-2.2658447378683846,-0.19009371532828123
-2.2658447378683846,-0.19009371532828123
-2.2658447378683846,-0.19009371532828123
-2.2658447378683846,-0.19009371532828123
-2.2658447378683846,-0.19009371532828123
-2.2658447378683846,-0.19009371532828123
-2.2658447378683846,-0.19009371532828123
-2.2658447378683846,-0.19009371532828123
-2.2658447378683846,-0.19009371532828123
-2.2658447378683846,-0.19009371532828123
-2.2658447378683846,-0.19009371532828123
-2.2658447378683846,-0.19009371532828123
-2.2658447378683846,-0.19009371532828123
-2.2658447378683846,-0.19009371532828123
-2.2658447378683846,-0.19009371532828123
-2.2658447378683846,-0.19009371532828123
-2.2658447378683846,-0.19009371532828123
-2.2922480970534407,-0.14486590154649082
-2.2922480970534407,-0.14486590154649082
-2.2922480970534407,-0.14486590154649082
-2.2922480970534407,-0.14486590154649082
-2.2922480970534407,-0.14486590154649082
-2.2922480970534407,-0.14486590154649082
-2.2922480970534407,-0.14486590154649082
-2.2922480970534407,-0.14486590154649082
-2.2922480970534407,-0.14486590154649082
-2.2922480970534407,-0.14486590154649082
-2.2922480970534407,-0.14486590154649082
-2.2922480970534407,-0.14486590154649082
-2.2922480970534407,-0.14486590154649082
-2.2922480970534407,-0.14486590154649082
-2.2922480970534407,-0.14486590154649082
-2.3049891027852554,-0.09585866688293776
-2.3049891027852554,-0.09585866688293776
-2.3049891027852554,-0.09585866688293776
-2.3049891027852554,-0.09585866688293776
-2.3049891027852554,-0.09585866688293776
-2.3049891027852554,-0.09585866688293776
-2.3049891027852554,-0.09585866688293776
-2.3049891027852554,-0.09585866688293776
-2.3049891027852554,-0.09585866688293776
-2.3049891027852554,-0.09585866688293776
-2.3049891027852554,-0.09585866688293776
-2.3049891027852554,-0.09585866688293776
-2.3049891027852554,-0.09585866688293776
-2.3049891027852554,-0.09585866688293776
-2.3049891027852554,-0.09585866688293776
-2.3049891027852554,-0.09585866688293776
-2.3049891027852554,-0.09585866688293776
-2.3049891027852554,-0.09585866688293776
-2.3049891027852554,-0.09585866688293776
-2.3049891027852554,-0.09585866688293776
-2.3049891027852554,-0.09585866688293776
-2.3049891027852554,-0.09585866688293776
-2.3049891027852554,-0.09585866688293776
-2.311907338710798,-0.047339553334981854
-2.311907338710798,-0.047339553334981854
-2.311907338710798,-0.047339553334981854
-2.311907338710798,-0.047339553334981854
-2.311907338710798,-0.047339553334981854
-2.311907338710798,-0.047339553334981854
-2.311907338710798,-0.047339553334981854
-2.311907338710798,-0.047339553334981854
-2.311907338710798,-0.047339553334981854
-2.311907338710798,-0.047339553334981854
-2.311907338710798,-0.047339553334981854
-2.311907338710798,-0.047339553334981854
-2.311907338710798,-0.047339553334981854
-2.311907338710798,-0.047339553334981854
-2.311907338710798,-0.047339553334981854
-2.311907338710798,-0.047339553334981854
-2.31493788178668,0.00611230334743218
-2.31493788178668,0.00611230334743218
-2.31493788178668,0.00611230334743218
-2.31493788178668,0.00611230334743218
-2.31493788178668,0.00611230334743218
-2.31493788178668,0.00611230334743218
-2.31493788178668,0.00611230334743218
-2.31493788178668,0.00611230334743218
-2.31493788178668,0.00611230334743218
-2.31493788178668,0.00611230334743218
-2.31493788178668,0.00611230334743218
-2.31493788178668,0.00611230334743218
-2.31493788178668,0.00611230334743218
-2.31493788178668,0.00611230334743218
-2.31493788178668,0.00611230334743218
-2.3099577020940503,0.05520297961346454
-2.3099577020940503,0.05520297961346454
-2.3099577020940503,0.05520297961346454
-2.3099577020940503,0.05520297961346454
-2.3099577020940503,0.05520297961346454
-2.3099577020940503,0.05520297961346454
-2.3099577020940503,0.05520297961346454
-2.3099577020940503,0.05520297961346454
-2.3099577020940503,0.05520297961346454
-2.3099577020940503,0.05520297961346454
-2.3099577020940503,0.05520297961346454
-2.3099577020940503,0.05520297961346454
-2.3099577020940503,0.05520297961346454
-2.3099577020940503,0.05520297961346454
-2.3099577020940503,0.05520297961346454
-2.3099577020940503,0.05520297961346454
-2.3099577020940503,0.05520297961346454
-2.3099577020940503,0.05520297961346454
-2.3099577020940503,0.05520297961346454
-2.3099577020940503,0.05520297961346454
-2.3099577020940503,0.05520297961346454
-2.304069481623345,0.10475014936272742
-2.304069481623345,0.10475014936272742
-2.304069481623345,0.10475014936272742
-2.304069481623345,0.10475014936272742
-2.304069481623345,0.10475014936272742
-2.304069481623345,0.10475014936272742
-2.304069481623345,0.10475014936272742
-2.304069481623345,0.10475014936272742
-2.304069481623345,0.10475014936272742
-2.304069481623345,0.10475014936272742
-2.304069481623345,0.10475014936272742
-2.2980175710461985,0.15913521592383872
-2.2980175710461985,0.15913521592383872
-2.2980175710461985,0.15913521592383872
-2.2980175710461985,0.15913521592383872
-2.2980175710461985,0.15913521592383872
-2.2980175710461985,0.15913521592383872
-2.2980175710461985,0.15913521592383872
-2.2980175710461985,0.15913521592383872
-2.2980175710461985,0.15913521592383872
-2.2980175710461985,0.15913521592383872
-2.2980175710461985,0.15913521592383872
-2.2980175710461985,0.15913521592383872
-2.28553035801996,0.20969192598960296
-2.28553035801996,0.20969192598960296
-2.28553035801996,0.20969192598960296
-2.28553035801996,0.20969192598960296
-2.28553035801996,0.20969192598960296
-2.28553035801996,0.20969192598960296
-2.28553035801996,0.20969192598960296
-2.28553035801996,0.20969192598960296
-2.28553035801996,0.20969192598960296
-2.28553035801996,0.20969192598960296
-2.28553035801996,0.20969192598960296
-2.28553035801996,0.20969192598960296
-2.28553035801996,0.20969192598960296
-2.28553035801996,0.20969192598960296
-2.28553035801996,0.20969192598960296
-2.28553035801996,0.20969192598960296
-2.28553035801996,0.20969192598960296
-2.28553035801996,0.20969192598960296
-2.28553035801996,0.20969192598960296
-2.28553035801996,0.20969192598960296
-2.28553035801996,0.20969192598960296
-2.2675353038016515,0.25624739815452713
-2.2675353038016515,0.25624739815452713
-2.2675353038016515,0.25624739815452713
-2.2675353038016515,0.25624739815452713
-2.2675353038016515,0.25624739815452713
-2.2675353038016515,0.25624739815452713
-2.2675353038016515,0.25624739815452713
-2.2675353038016515,0.25624739815452713
-2.2675353038016515,0.25624739815452713
-2.2675353038016515,0.25624739815452713
-2.2675353038016515,0.25624739815452713
-2.2675353038016515,0.25624739815452713
-2.2675353038016515,0.25624739815452713
-2.2675353038016515,0.25624739815452713
-2.2675353038016515,0.25624739815452713
-2.237596999672536,0.29943194852264143
-2.237596999672536,0.29943194852264143
-2.237596999672536,0.29943194852264143
-2.237596999672536,0.29943194852264143
-2.237596999672536,0.29943194852264143
-2.237596999672536,0.29943194852264143
-2.237596999672536,0.29943194852264143
-2.237596999672536,0.29943194852264143
-2.237596999672536,0.29943194852264143
-2.237596999672536,0.29943194852264143
-2.237596999672536,0.29943194852264143
-2.237596999672536,0.29943194852264143
-2.237596999672536,0.29943194852264143
-2.237596999672536,0.29943194852264143
-2.237596999672536,0.29943194852264143
-2.237596999672536,0.29943194852264143
-2.237596999672536,0.29943194852264143
-2.237596999672536,0.29943194852264143
-2.237596999672536,0.29943194852264143
-2.237596999672536,0.29943194852264143
-2.237596999672536,0.29943194852264143
-2.237596999672536,0.29943194852264143
-2.237596999672536,0.29943194852264143
-2.237596999672536,0.29943194852264143
-2.237596999672536,0.29943194852264143
-2.237596999672536,0.29943194852264143
-2.237596999672536,0.29943194852264143
-2.237596999672536,0.29943194852264143
-2.2017401795934886,0.3369329600372627
-2.2017401795934886,0.3369329600372627
-2.2017401795934886,0.3369329600372627
-2.2017401795934886,0.3369329600372627
-2.2017401795934886,0.3369329600372627
-2.2017401795934886,0.3369329600372627
-2.2017401795934886,0.3369329600372627
-2.2017401795934886,0.3369329600372627
-2.2017401795934886,0.3369329600372627
-2.2017401795934886,0.3369329600372627
-2.2017401795934886,0.3369329600372627
-2.2017401795934886,0.3369329600372627
-2.2017401795934886,0.3369329600372627
-2.2017401795934886,0.3369329600372627
-2.2017401795934886,0.3369329600372627
-2.1634269601451503,0.3722242547315361
-2.1634269601451503,0.3722242547315361
-2.1634269601451503,0.3722242547315361
-2.1634269601451503,0.3722242547315361
-2.1634269601451503,0.3722242547315361
-2.1634269601451503,0.3722242547315361
-2.1634269601451503,0.3722242547315361
-2.1634269601451503,0.3722242547315361
-2.1634269601451503,0.3722242547315361
-2.1634269601451503,0.3722242547315361
-2.1634269601451503,0.3722242547315361
-2.1634269601451503,0.3722242547315361
-2.1634269601451503,0.3722242547315361
-2.1634269601451503,0.3722242547315361
-2.1634269601451503,0.3722242547315361
-2.1634269601451503,0.3722242547315361
-2.1634269601451503,0.3722242547315361
-2.1239162278618546,0.40437103307069566
-2.1239162278618546,0.40437103307069566
-2.1239162278618546,0.40437103307069566
-2.1239162278618546,0.40437103307069566
-2.1239162278618546,0.40437103307069566
-2.1239162278618546,0.40437103307069566
-2.1239162278618546,0.40437103307069566
-2.1239162278618546,0.40437103307069566
-2.1239162278618546,0.40437103307069566
-2.1239162278618546,0.40437103307069566
-2.1239162278618546,0.40437103307069566
-2.1239162278618546,0.40437103307069566
-2.1239162278618546,0.40437103307069566
-2.1239162278618546,0.40437103307069566
-2.1239162278618546,0.40437103307069566
-2.093464157952931,0.44386561965413274
-2.093464157952931,0.44386561965413274
-2.093464157952931,0.44386561965413274
-2.093464157952931,0.44386561965413274
-2.093464157952931,0.44386561965413274
-2.093464157952931,0.44386561965413274
-2.093464157952931,0.44386561965413274
-2.093464157952931,0.44386561965413274
-2.093464157952931,0.44386561965413274
-2.093464157952931,0.44386561965413274
-2.093464157952931,0.44386561965413274
-2.093464157952931,0.44386561965413274
-2.093464157952931,0.44386561965413274
-2.093464157952931,0.44386561965413274
-2.093464157952931,0.44386561965413274
-2.093464157952931,0.44386561965413274
-2.093464157952931,0.44386561965413274
-2.093464157952931,0.44386561965413274
-2.0670299255105427,0.489381715869338
-2.0670299255105427,0.489381715869338
-2.0670299255105427,0.489381715869338
-2.0670299255105427,0.489381715869338
-2.0670299255105427,0.489381715869338
-2.0670299255105427,0.489381715869338
-2.0670299255105427,0.489381715869338
-2.0670299255105427,0.489381715869338
-2.0670299255105427,0.489381715869338
-2.0670299255105427,0.489381715869338
-2.0670299255105427,0.489381715869338
-2.0670299255105427,0.489381715869338
-2.0670299255105427,0.489381715869338
-2.042726235598622,0.5348694382125804
-2.042726235598622,0.5348694382125804
-2.042726235598622,0.5348694382125804
-2.042726235598622,0.5348694382125804
-2.042726235598622,0.5348694382125804
-2.042726235598622,0.5348694382125804
-2.042726235598622,0.5348694382125804
-2.042726235598622,0.5348694382125804
-2.042726235598622,0.5348694382125804
-2.042726235598622,0.5348694382125804
-2.042726235598622,0.5348694382125804
-2.042726235598622,0.5348694382125804
-2.042726235598622,0.5348694382125804
-2.042726235598622,0.5348694382125804
-2.042726235598622,0.5348694382125804
-2.042726235598622,0.5348694382125804
-2.023263742695376,0.5853971075995902
-2.023263742695376,0.5853971075995902
-2.023263742695376,0.5853971075995902
-2.023263742695376,0.5853971075995902
-2.023263742695376,0.5853971075995902
-2.023263742695376,0.5853971075995902
-2.023263742695376,0.5853971075995902
-2.023263742695376,0.5853971075995902
-2.023263742695376,0.5853971075995902
-2.023263742695376,0.5853971075995902
-2.023263742695376,0.5853971075995902
-2.023263742695376,0.5853971075995902
-2.023263742695376,0.5853971075995902
-2.023263742695376,0.5853971075995902
-2.023263742695376,0.5853971075995902
-2.023263742695376,0.5853971075995902
-2.023263742695376,0.5853971075995902
-2.0079196297399755,0.6347621199774386
-2.0079196297399755,0.6347621199774386
-2.0079196297399755,0.6347621199774386
-2.0079196297399755,0.6347621199774386
-2.0079196297399755,0.6347621199774386
-2.0079196297399755,0.6347621199774386
-2.0079196297399755,0.6347621199774386
-2.0079196297399755,0.6347621199774386
-2.0079196297399755,0.6347621199774386
-2.0079196297399755,0.6347621199774386
-2.0079196297399755,0.6347621199774386
-2.0079196297399755,0.6347621199774386
-2.0079196297399755,0.6347621199774386
-2.0079196297399755,0.6347621199774386
-2.0079196297399755,0.6347621199774386
-2.0079196297399755,0.6347621199774386
-2.0079196297399755,0.6347621199774386
-2.0079196297399755,0.6347621199774386
-2.0079196297399755,0.6347621199774386
-2.0079196297399755,0.6347621199774386
-2.0079196297399755,0.6347621199774386
-2.0079196297399755,0.6347621199774386
-2.0079196297399755,0.6347621199774386
-1.995334622924962,0.6852508449465554
-1.995334622924962,0.6852508449465554
-1.995334622924962,0.6852508449465554
-1.995334622924962,0.6852508449465554
-1.995334622924962,0.6852508449465554
-1.995334622924962,0.6852508449465554
-1.995334622924962,0.6852508449465554
-1.995334622924962,0.6852508449465554
-1.995334622924962,0.6852508449465554
-1.995334622924962,0.6852508449465554
-1.995334622924962,0.6852508449465554
-1.995334622924962,0.6852508449465554
-1.995334622924962,0.6852508449465554
-1.995334622924962,0.6852508449465554
-1.9820056936565296,0.7362830850420762
-1.9820056936565296,0.7362830850420762
-1.9820056936565296,0.7362830850420762
-1.9820056936565296,0.7362830850420762
-1.9820056936565296,0.7362830850420762
-1.9820056936565296,0.7362830850420762
-1.9820056936565296,0.7362830850420762
-1.9820056936565296,0.7362830850420762
-1.9820056936565296,0.7362830850420762
-1.9820056936565296,0.7362830850420762
-1.9820056936565296,0.7362830850420762
-1.9820056936565296,0.7362830850420762
-1.9820056936565296,0.7362830850420762
-1.9820056936565296,0.7362830850420762
-1.9820056936565296,0.7362830850420762
-1.9820056936565296,0.7362830850420762
-1.9820056936565296,0.7362830850420762
-1.9544880065796533,0.7790428749419763
-1.9544880065796533,0.7790428749419763
-1.9544880065796533,0.7790428749419763
-1.9544880065796533,0.7790428749419763
-1.9544880065796533,0.7790428749419763
-1.9544880065796533,0.7790428749419763
-1.9544880065796533,0.7790428749419763
-1.9544880065796533,0.7790428749419763
-1.9544880065796533,0.7790428749419763
-1.9544880065796533,0.7790428749419763
-1.9544880065796533,0.7790428749419763
-1.9544880065796533,0.7790428749419763
-1.9544880065796533,0.7790428749419763
-1.9544880065796533,0.7790428749419763
-1.9544880065796533,0.7790428749419763
-1.9544880065796533,0.7790428749419763
-1.9544880065796533,0.7790428749419763
-1.9544880065796533,0.7790428749419763
-1.9544880065796533,0.7790428749419763
-1.9544880065796533,0.7790428749419763
-1.9544880065796533,0.7790428749419763
-1.9544880065796533,0.7790428749419763
-1.9544880065796533,0.7790428749419763
-1.9544880065796533,0.7790428749419763
-1.9544880065796533,0.7790428749419763
-1.9544880065796533,0.7790428749419763
-1.9544880065796533,0.7790428749419763
-1.9544880065796533,0.7790428749419763
-1.9544880065796533,0.7790428749419763
-1.9544880065796533,0.7790428749419763
-1.9544880065796533,0.7790428749419763
-1.9544880065796533,0.7790428749419763
-1.9346825006490596,0.8268679865099894
-1.9346825006490596,0.8268679865099894
-1.9346825006490596,0.8268679865099894
-1.9346825006490596,0.8268679865099894
-1.9346825006490596,0.8268679865099894
-1.9346825006490596,0.8268679865099894
-1.9346825006490596,0.8268679865099894
-1.9346825006490596,0.8268679865099894
-1.9346825006490596,0.8268679865099894
-1.9346825006490596,0.8268679865099894
-1.9346825006490596,0.8268679865099894
-1.9346825006490596,0.8268679865099894
-1.9346825006490596,0.8268679865099894
-1.9346825006490596,0.8268679865099894
-1.9346825006490596,0.8268679865099894
-1.9346825006490596,0.8268679865099894
-1.9346825006490596,0.8268679865099894
-1.9346825006490596,0.8268679865099894
-1.9346825006490596,0.8268679865099894
-1.9346825006490596,0.8268679865099894
-1.923005399798074,0.8776726284060842
-1.923005399798074,0.8776726284060842
-1.923005399798074,0.8776726284060842
-1.923005399798074,0.8776726284060842
-1.923005399798074,0.8776726284060842
-1.923005399798074,0.8776726284060842
-1.923005399798074,0.8776726284060842
-1.923005399798074,0.8776726284060842
-1.923005399798074,0.8776726284060842
-1.923005399798074,0.8776726284060842
-1.923005399798074,0.8776726284060842
-1.923005399798074,0.8776726284060842
-1.923005399798074,0.8776726284060842
-1.923005399798074,0.8776726284060842
-1.923005399798074,0.8776726284060842
-1.9185333648362075,0.9287143292678964
-1.9185333648362075,0.9287143292678964
-1.9185333648362075,0.9287143292678964
-1.9185333648362075,0.9287143292678964
-1.9185333648362075,0.9287143292678964
-1.9185333648362075,0.9287143292678964
-1.9185333648362075,0.9287143292678964
-1.9185333648362075,0.9287143292678964
-1.9185333648362075,0.9287143292678964
-1.9185333648362075,0.9287143292678964
-1.9185333648362075,0.9287143292678964
-1.9185333648362075,0.9287143292678964
-1.9185333648362075,0.9287143292678964
-1.9135564644245373,0.9814961506911449
-1.9135564644245373,0.9814961506911449
-1.9135564644245373,0.9814961506911449
-1.9135564644245373,0.9814961506911449
-1.9135564644245373,0.9814961506911449
-1.9135564644245373,0.9814961506911449
-1.9135564644245373,0.9814961506911449
-1.9135564644245373,0.9814961506911449
-1.9135564644245373,0.9814961506911449
-1.9135564644245373,0.9814961506911449
-1.9135564644245373,0.9814961506911449
-1.9135564644245373,0.9814961506911449
-1.9135564644245373,0.9814961506911449
-1.9135564644245373,0.9814961506911449
-1.9135564644245373,0.9814961506911449
-1.9135564644245373,0.9814961506911449
-1.9066663881655255,1.0317266755776107
-1.9066663881655255,1.0317266755776107
-1.9066663881655255,1.0317266755776107
-1.9066663881655255,1.0317266755776107
-1.9066663881655255,1.0317266755776107
-1.9066663881655255,1.0317266755776107
-1.9066663881655255,1.0317266755776107
-1.9066663881655255,1.0317266755776107
-1.9066663881655255,1.0317266755776107
-1.9066663881655255,1.0317266755776107
-1.9066663881655255,1.0317266755776107
-1.8998851118413702,1.085975679593533
-1.8998851118413702,1.085975679593533
-1.8998851118413702,1.085975679593533
-1.8998851118413702,1.085975679593533
-1.8998851118413702,1.085975679593533
-1.8998851118413702,1.085975679593533
-1.8998851118413702,1.085975679593533
-1.8998851118413702,1.085975679593533
-1.8998851118413702,1.085975679593533
-1.8998851118413702,1.085975679593533
-1.8998851118413702,1.085975679593533
-1.8998851118413702,1.085975679593533
-1.8998851118413702,1.085975679593533
-1.8998851118413702,1.085975679593533
-1.8998851118413702,1.085975679593533
-1.8998851118413702,1.085975679593533
-1.8998851118413702,1.085975679593533
-1.8998851118413702,1.085975679593533
-1.8934509209041264,1.1340780088181757
-1.8934509209041264,1.1340780088181757
-1.8934509209041264,1.1340780088181757
-1.8934509209041264,1.1340780088181757
-1.8934509209041264,1.1340780088181757
-1.8934509209041264,1.1340780088181757
-1.8934509209041264,1.1340780088181757
-1.8934509209041264,1.1340780088181757
-1.8934509209041264,1.1340780088181757
-1.8934509209041264,1.1340780088181757
-1.8934509209041264,1.1340780088181757
-1.8934509209041264,1.1340780088181757
-1.8934509209041264,1.1340780088181757
-1.8934509209041264,1.1340780088181757
-1.8934509209041264,1.1340780088181757
-1.8934509209041264,1.1340780088181757
-1.8934509209041264,1.1340780088181757
-1.8934509209041264,1.1340780088181757
-1.8934509209041264,1.1340780088181757
-1.8934509209041264,1.1340780088181757
-1.8934509209041264,1.1340780088181757
-1.8934509209041264,1.1340780088181757
-1.8934509209041264,1.1340780088181757
-1.8797731694692472,1.1843131603997201
-1.8797731694692472,1.1843131603997201
-1.8797731694692472,1.1843131603997201
-1.8797731694692472,1.1843131603997201
-1.8797731694692472,1.1843131603997201
-1.8797731694692472,1.1843131603997201
-1.8797731694692472,1.1843131603997201
-1.8797731694692472,1.1843131603997201
-1.8797731694692472,1.1843131603997201
-1.8797731694692472,1.1843131603997201
-1.8797731694692472,1.1843131603997201
-1.8797731694692472,1.1843131603997201
-1.8797731694692472,1.1843131603997201
-1.8797731694692472,1.1843131603997201
-1.8797731694692472,1.1843131603997201
-1.8695397252851729,1.2344375556032863
-1.8695397252851729,1.2344375556032863
-1.8695397252851729,1.2344375556032863
-1.8695397252851729,1.2344375556032863
-1.8695397252851729,1.2344375556032863
-1.8695397252851729,1.2344375556032863
-1.8695397252851729,1.2344375556032863
-1.8695397252851729,1.2344375556032863
-1.8695397252851729,1.2344375556032863
-1.8695397252851729,1.2344375556032863
-1.8695397252851729,1.2344375556032863
-1.8695397252851729,1.2344375556032863
-1.8695397252851729,1.2344375556032863
-1.8695397252851729,1.2344375556032863
-1.8695397252851729,1.2344375556032863
-1.8695397252851729,1.2344375556032863
-1.8695397252851729,1.2344375556032863
-1.8695397252851729,1.2344375556032863
-1.8695397252851729,1.2344375556032863
-1.8695397252851729,1.2344375556032863
-1.8695397252851729,1.2344375556032863
-1.8695397252851729,1.2344375556032863
-1.8695397252851729,1.2344375556032863
-1.8695397252851729,1.2344375556032863
-1.8695397252851729,1.2344375556032863
-1.8695397252851729,1.2344375556032863
-1.8695397252851729,1.2344375556032863
-1.8695397252851729,1.2344375556032863
-1.8695397252851729,1.2344375556032863
-1.8695397252851729,1.2344375556032863
-1.8695397252851729,1.2344375556032863
-1.8695397252851729,1.2344375556032863
-1.8695397252851729,1.2344375556032863
-1.8695397252851729,1.2344375556032863
-1.8695397252851729,1.2344375556032863
-1.8695397252851729,1.2344375556032863
-1.8695397252851729,1.2344375556032863
-1.8695397252851729,1.2344375556032863
-1.8695397252851729,1.2344375556032863
-1.8695397252851729,1.2344375556032863
-1.8695397252851729,1.2344375556032863
-1.8695397252851729,1.2344375556032863
-1.8695397252851729,1.2344375556032863
-1.8695397252851729,1.2344375556032863
-1.8695397252851729,1.2344375556032863
-1.8695397252851729,1.2344375556032863
-1.8695397252851729,1.2344375556032863
-1.861437250216111,1.2843707474801795
-1.861437250216111,1.2843707474801795
-1.861437250216111,1.2843707474801795
-1.861437250216111,1.2843707474801795
-1.861437250216111,1.2843707474801795
-1.861437250216111,1.2843707474801795
-1.861437250216111,1.2843707474801795
-1.861437250216111,1.2843707474801795
-1.861437250216111,1.2843707474801795
-1.861437250216111,1.2843707474801795
-1.861437250216111,1.2843707474801795
-1.861437250216111,1.2843707474801795
-1.861437250216111,1.2843707474801795
-1.861437250216111,1.2843707474801795
-1.861437250216111,1.2843707474801795
-1.861437250216111,1.2843707474801795
-1.861437250216111,1.2843707474801795
-1.861437250216111,1.2843707474801795
-1.861437250216111,1.2843707474801795
-1.861437250216111,1.2843707474801795
-1.861437250216111,1.2843707474801795
-1.861437250216111,1.2843707474801795
-1.8480385024638912,1.3347293122393866
-1.8480385024638912,1.3347293122393866
-1.8480385024638912,1.3347293122393866
-1.8480385024638912,1.3347293122393866
-1.8480385024638912,1.3347293122393866
-1.8480385024638912,1.3347293122393866
-1.8480385024638912,1.3347293122393866
-1.8480385024638912,1.3347293122393866
-1.8480385024638912,1.3347293122393866
-1.8480385024638912,1.3347293122393866
-1.8480385024638912,1.3347293122393866
-1.8480385024638912,1.3347293122393866
-1.8480385024638912,1.3347293122393866
-1.8480385024638912,1.3347293122393866
-1.8480385024638912,1.3347293122393866
-1.8480385024638912,1.3347293122393866
-1.8480385024638912,1.3347293122393866
-1.8480385024638912,1.3347293122393866
-1.843187629159956,1.3826058631598435
-1.843187629159956,1.3826058631598435
-1.843187629159956,1.3826058631598435
-1.843187629159956,1.3826058631598435
-1.843187629159956,1.3826058631598435
-1.843187629159956,1.3826058631598435
-1.843187629159956,1.3826058631598435
-1.843187629159956,1.3826058631598435
-1.843187629159956,1.3826058631598435
-1.843187629159956,1.3826058631598435
-1.843187629159956,1.3826058631598435
-1.843187629159956,1.3826058631598435
-1.843187629159956,1.3826058631598435
-1.843187629159956,1.3826058631598435
-1.8416277094371178,1.4348109877978437
-1.8416277094371178,1.4348109877978437
-1.8416277094371178,1.4348109877978437
-1.8416277094371178,1.4348109877978437
-1.8416277094371178,1.4348109877978437
-1.8416277094371178,1.4348109877978437
-1.8416277094371178,1.4348109877978437
-1.8416277094371178,1.4348109877978437
-1.8416277094371178,1.4348109877978437
-1.8416277094371178,1.4348109877978437
-1.8416277094371178,1.4348109877978437
-1.8416277094371178,1.4348109877978437
-1.8416277094371178,1.4348109877978437
-1.8416277094371178,1.4348109877978437
-1.8416277094371178,1.4348109877978437
-1.8416277094371178,1.4348109877978437
-1.8378987989016378,1.4858149299890728
-1.8378987989016378,1.4858149299890728
-1.8378987989016378,1.4858149299890728
-1.8378987989016378,1.4858149299890728
-1.8378987989016378,1.4858149299890728
-1.8378987989016378,1.4858149299890728
-1.8378987989016378,1.4858149299890728
-1.8378987989016378,1.4858149299890728
-1.8378987989016378,1.4858149299890728
-1.8378987989016378,1.4858149299890728
-1.8378987989016378,1.4858149299890728
-1.8378987989016378,1.4858149299890728
-1.8378987989016378,1.4858149299890728
-1.8378987989016378,1.4858149299890728
-1.8419076862032573,1.5376319508475418
-1.8419076862032573,1.5376319508475418
-1.8419076862032573,1.5376319508475418
-1.8419076862032573,1.5376319508475418
-1.8419076862032573,1.5376319508475418
-1.8419076862032573,1.5376319508475418
-1.8419076862032573,1.5376319508475418
-1.8419076862032573,1.5376319508475418
-1.8419076862032573,1.5376319508475418
-1.8419076862032573,1.5376319508475418
-1.8419076862032573,1.5376319508475418
-1.8419076862032573,1.5376319508475418
-1.8419076862032573,1.5376319508475418
-1.8419076862032573,1.5376319508475418
-1.8443830757794681,1.5880251908047431
-1.8443830757794681,1.5880251908047431
-1.8443830757794681,1.5880251908047431
-1.8443830757794681,1.5880251908047431
-1.8443830757794681,1.5880251908047431
-1.8443830757794681,1.5880251908047431
-1.8443830757794681,1.5880251908047431
-1.8443830757794681,1.5880251908047431
-1.8443830757794681,1.5880251908047431
-1.8443830757794681,1.5880251908047431
-1.8443830757794681,1.5880251908047431
-1.8443830757794681,1.5880251908047431
-1.8443830757794681,1.5880251908047431
-1.8443830757794681,1.5880251908047431
-1.8443830757794681,1.5880251908047431
-1.837398791199008,1.6409308530656626
-1.837398791199008,1.6409308530656626
-1.837398791199008,1.6409308530656626
-1.837398791199008,1.6409308530656626
-1.837398791199008,1.6409308530656626
-1.837398791199008,1.6409308530656626
-1.837398791199008,1.6409308530656626
-1.837398791199008,1.6409308530656626
-1.837398791199008,1.6409308530656626
-1.837398791199008,1.6409308530656626
-1.837398791199008,1.6409308530656626
-1.837398791199008,1.6409308530656626
-1.837398791199008,1.6409308530656626
-1.837398791199008,1.6409308530656626
-1.837398791199008,1.6409308530656626
-1.837398791199008,1.6409308530656626
-1.837398791199008,1.6409308530656626
-1.837398791199008,1.6409308530656626
-1.837398791199008,1.6409308530656626
-1.837398791199008,1.6409308530656626
-1.837398791199008,1.6409308530656626
-1.837398791199008,1.6409308530656626
-1.837398791199008,1.6409308530656626
-1.837398791199008,1.6409308530656626
-1.837398791199008,1.6409308530656626
-1.837398791199008,1.6409308530656626
-1.837398791199008,1.6409308530656626
-1.837398791199008,1.6409308530656626
